Tructruc,Trucmuche,tructruc@caramail.fr,$2y$10$8M69hiw7AzkGa10.sYETmuF5faWBQ6ZYalU4nL4oXzqP1NThoQWuS
Mohamed,Ali,mali@orange.fr,$2y$10$juhIQEphZOrsNA.c0xA6w.hmJMY3w28XDDcq..Eud2F.TAGnkq9Na
Martinou,Martinou,martinou@martinou.fr,$2y$10$juhIQEphZOrsNA.c0xA6w.hmJMY3w28XDDcq..Eud2F.TAGnkq9Na
Martinette,Martinette,martinette@live.com,$2y$10$/DmJqIFUAnL8BBtr9UnOy.8boVxNS7Bnj9rN8LFijb9piFjDVtEJC
Machin,ChoseTruc,machinchose@laposte.net,$2y$10$juhIQEphZOrsNA.c0xA6w.hmJMY3w28XDDcq..Eud2F.TAGnkq9Na
Lea,Seydoux,leaseydoux@yahoo.fr,$2y$10$juhIQEphZOrsNA.c0xA6w.hmJMY3w28XDDcq..Eud2F.TAGnkq9Na
Jean,Dupond,dupondj@free.fr,$2y$10$27b81oK/5azWXOkjPani/.5k2B.eg.BnGCqW7GrqeBHPyZlT/Aq9e
Giselle,Alimi,gigi@gmail.com,$2y$10$juhIQEphZOrsNA.c0xA6w.hmJMY3w28XDDcq..Eud2F.TAGnkq9Na
Bernard,Moitessier,beber@gmail.com,$2y$10$juhIQEphZOrsNA.c0xA6w.hmJMY3w28XDDcq..Eud2F.TAGnkq9Na
Alberto,Zorro,az@gmail.com,$2y$10$O0onxyYtFMbXaT6caZx03Ost6TFULL6L8WXYSv7hWWyT6uO1Y2XYi
Albert,"De Monaco",a@monaco.com,$2y$10$8FN7y964EXmi.kt6QaZjJe94XdBhDWX124TgMHrXzE1laa4w2zoxy
Alain,Deloin,adeloin@hotmail.com,$2y$10$sXaur/y4Lj0dwmrQtfaA/el8amZG197RafNuVsstzVuvz1yD8ZsKu
